timestamp,coordinates,vehicle_class,car_model_1,car_model_1_accuracy,car_model_2,car_model_2_accuracy,confidence,color_1,color_1_accuracy,color_2,color_2_accuracy,plate_number,plate_confidence,char_confidences,vehicle_image,plate_image
2025-04-25 00:47:38,"(1,3)-(1913,1052)",car,KIA_K5_2011-2015,0.8549085259437561,Chevy_Volt_2011-2015,0.11421478539705276,0.9035192728042603,green,0.5202839970588684,blue,0.3899005651473999,7231UTJ,0.8915172219276428,0.869630753993988,"[0.9260363578796387, 0.9037166833877563, 0.8952397108078003, 0.8726450800895691, 0.8530539870262146, 0.8444056510925293, 0.792317807674408]",detections/20250425-004729_vehicle.jpg,detections/20250425-004729_plate.jpg
2025-04-25 00:47:44,"(0,3)-(1915,1051)",car,Chevy_Volt_2011-2015,0.9722563028335571,KIA_K5_2011-2015,0.024675512686371803,0.9104894399642944,green,0.9216809272766113,blue,0.0468004085123539,7231UTJ,0.8980836868286133,0.8918772850717817,"[0.9403554201126099, 0.9260903596878052, 0.9091792702674866, 0.9076268672943115, 0.900679886341095, 0.8459734320640564, 0.8132357597351074]",detections/20250425-004741_vehicle.jpg,detections/20250425-004741_plate.jpg
2025-04-25 00:47:50,"(0,3)-(1917,1048)",car,Nissan_Teana_2008-2014,0.8450173139572144,KIA_K5_2011-2015,0.1441812813282013,0.9098504185676575,blue,0.495238721370697,green,0.32432764768600464,7231UTJ,0.8871415257453918,0.8886879427092416,"[0.9255411624908447, 0.9075833559036255, 0.9022660851478577, 0.9022613763809204, 0.8724290728569031, 0.8579210638999939, 0.8528134822845459]",detections/20250425-004747_vehicle.jpg,detections/20250425-004747_plate.jpg
2025-04-25 00:47:56,"(0,3)-(1917,1050)",car,KIA_K5_2011-2015,0.970955491065979,Nissan_Teana_2008-2014,0.02771907113492489,0.9191229343414307,green,0.5182639956474304,blue,0.3719269335269928,7231UTJ,0.8863382339477539,0.8838555812835693,"[0.9259655475616455, 0.9193735718727112, 0.8887538313865662, 0.8880953788757324, 0.8635770678520203, 0.8524357676506042, 0.8487879037857056]",detections/20250425-004753_vehicle.jpg,detections/20250425-004753_plate.jpg
2025-04-25 00:48:02,"(3,5)-(1917,1049)",car,KIA_K5_2011-2015,0.6051828861236572,Cadillac_ELR_2014,0.3940727710723877,0.8611682653427124,green,0.548898458480835,blue,0.2754532992839813,7231UTJ,0.8905929327011108,0.8725831593785968,"[0.9160766005516052, 0.8873245120048523, 0.8850142955780029, 0.8714832067489624, 0.8596423864364624, 0.8500752449035645, 0.8384658694267273]",detections/20250425-004759_vehicle.jpg,detections/20250425-004759_plate.jpg
2025-04-25 00:48:51,"(114,7)-(1917,1059)",car,Cadillac_ELR_2014,0.9945476055145264,Ford_Flex_2004-2013,0.003418343374505639,0.9055087566375732,blue,0.9963712692260742,green,0.0012763942359015346,,0.8693029880523682,0.0,[],detections/20250425-004849_vehicle.jpg,detections/20250425-004849_plate.jpg
2025-04-25 00:48:57,"(3,3)-(1917,1049)",car,KIA_K5_2011-2015,0.9714000821113586,Chevy_Volt_2011-2015,0.0126380929723382,0.8988277316093445,green,0.5749924778938293,blue,0.23241961002349854,7231UTJ,0.8917898535728455,0.8842631919043404,"[0.9218037724494934, 0.9167104363441467, 0.9036309719085693, 0.90196293592453, 0.8742985725402832, 0.8419278860092163, 0.8295077681541443]",detections/20250425-004854_vehicle.jpg,detections/20250425-004854_plate.jpg
2025-04-25 00:49:03,"(2,4)-(1919,1051)",car,KIA_K5_2011-2015,0.9405631422996521,Honda_Crider_2013-2015,0.03649815544486046,0.8958153128623962,green,0.7439468502998352,blue,0.11673029512166977,7231UTJ,0.8918489217758179,0.8779626914433071,"[0.9328914880752563, 0.9276048541069031, 0.8875764012336731, 0.8735753893852234, 0.8682038187980652, 0.8341787457466125, 0.8217081427574158]",detections/20250425-004900_vehicle.jpg,detections/20250425-004900_plate.jpg
2025-04-25 00:49:08,"(1,2)-(1917,1050)",car,KIA_K5_2011-2015,0.8125137686729431,Hyundai_Genesis_2015,0.16013434529304504,0.8965903520584106,green,0.6614488959312439,blue,0.27930814027786255,7231UTJ,0.8864035606384277,0.88754688841956,"[0.9271926879882812, 0.9211612343788147, 0.91219162940979, 0.8981177806854248, 0.8788674473762512, 0.8704943060874939, 0.8048031330108643]",detections/20250425-004906_vehicle.jpg,detections/20250425-004906_plate.jpg
2025-04-25 00:49:22,"(43,2)-(1915,1056)",car,Cadillac_ELR_2014,0.980067789554596,KIA_K5_2011-2015,0.011812474578619003,0.9531407356262207,black,0.8374522924423218,green,0.1355580985546112,7231UT,0.914320707321167,0.8500643273194631,"[0.9385297298431396, 0.914018452167511, 0.8916234970092773, 0.8646550178527832, 0.8261284828186035, 0.6654307842254639]",detections/20250425-004919_vehicle.jpg,detections/20250425-004919_plate.jpg
2025-04-25 00:49:26,"(2,4)-(1916,1053)",car,Cadillac_ELR_2014,0.45429372787475586,Honda_Crider_2013-2015,0.3027949035167694,0.9301506280899048,black,0.6416128873825073,green,0.2709014117717743,7231UTJ,0.9131706357002258,0.8672452654157367,"[0.9200289845466614, 0.9098716378211975, 0.8827593922615051, 0.852634608745575, 0.8519497513771057, 0.8492148518562317, 0.8042576313018799]",detections/20250425-004924_vehicle.jpg,detections/20250425-004924_plate.jpg
2025-04-25 00:49:32,"(175,5)-(1915,1057)",car,Cadillac_ELR_2014,0.9905299544334412,KIA_K5_2011-2015,0.007159888744354248,0.9641976356506348,green,0.5281606912612915,blue,0.23166987299919128,7231UTJ,0.9019742012023926,0.8489508373396737,"[0.9155087471008301, 0.8891599774360657, 0.8647213578224182, 0.8480048179626465, 0.8471018075942993, 0.813943088054657, 0.7642160654067993]",detections/20250425-004929_vehicle.jpg,detections/20250425-004929_plate.jpg
2025-04-25 00:49:37,"(212,56)-(1914,1061)",car,Cadillac_ELR_2014,0.99576735496521,Chevy_Volt_2011-2015,0.0028510387055575848,0.9650096893310547,blue,0.7269222140312195,black,0.18955470621585846,7231UTJ,0.8685400485992432,0.8639789734567914,"[0.9468244314193726, 0.9022122621536255, 0.8937232494354248, 0.8925661444664001, 0.8360500931739807, 0.7946609854698181, 0.7818156480789185]",detections/20250425-004934_vehicle.jpg,detections/20250425-004934_plate.jpg
2025-04-25 00:50:03,"(4,26)-(1915,1059)",car,Toyota_Prado_2006-2014,0.16912709176540375,BYD_S7_2013-2015,0.1439037322998047,0.5291078686714172,blue,0.7208318114280701,black,0.06993329524993896,,0.8636581301689148,0.0,[],detections/20250425-005001_vehicle.jpg,detections/20250425-005001_plate.jpg
2025-04-25 00:50:07,"(191,16)-(1915,1059)",car,Cadillac_ELR_2014,0.9993537068367004,KIA_K5_2011-2015,0.0006100702448748052,0.9523268342018127,blue,0.4672861099243164,black,0.3822728991508484,7231UTJ,0.8885734677314758,0.8469212225505284,"[0.9252729415893555, 0.9051053524017334, 0.8869572877883911, 0.8385679125785828, 0.8067730665206909, 0.7880944609642029, 0.7776775360107422]",detections/20250425-005005_vehicle.jpg,detections/20250425-005005_plate.jpg
2025-04-25 00:50:12,"(36,18)-(1916,1059)",car,Chevy_Volt_2011-2015,0.9928499460220337,Nissan_Altima_2005-2015,0.005642352160066366,0.9447009563446045,black,0.5657132863998413,blue,0.3104073405265808,7231UTJ,0.8847789764404297,0.8618356244904655,"[0.9392468333244324, 0.9051403403282166, 0.8819072246551514, 0.8705800175666809, 0.8531078100204468, 0.8032366037368774, 0.7796305418014526]",detections/20250425-005010_vehicle.jpg,detections/20250425-005010_plate.jpg
2025-04-25 00:50:17,"(167,3)-(1915,1058)",car,Cadillac_ELR_2014,0.9998379945755005,KIA_K5_2011-2015,0.00010514988389331847,0.9728149771690369,blue,0.8462895154953003,black,0.0762845128774643,7231UTJ,0.8991860151290894,0.8423985157694135,"[0.9319152235984802, 0.9070700407028198, 0.8819558024406433, 0.8275775909423828, 0.7902494668960571, 0.7866445779800415, 0.77137690782547]",detections/20250425-005015_vehicle.jpg,detections/20250425-005015_plate.jpg
2025-04-25 00:50:54,"(440,4)-(1914,1059)",car,Nissan_Pathfinder_2005-2013,0.7371683716773987,Hyundai_Genesis_2015,0.17750073969364166,0.8813185691833496,blue,0.973663866519928,black,0.01049558725208044,N/A,0.0,0.0,[],detections/20250425-005053_vehicle.jpg,N/A
2025-04-25 00:50:58,"(0,3)-(1918,1054)",car,Cadillac_ELR_2014,0.49925902485847473,KIA_K5_2011-2015,0.48657411336898804,0.9224575757980347,blue,0.8765456676483154,green,0.04913973808288574,7231UTJ,0.8953160047531128,0.8829192178589957,"[0.9505690932273865, 0.912602961063385, 0.9098087549209595, 0.8816850185394287, 0.8622317910194397, 0.846108078956604, 0.8174288272857666]",detections/20250425-005057_vehicle.jpg,detections/20250425-005057_plate.jpg
2025-04-25 00:51:02,"(2,2)-(1916,1053)",car,KIA_K5_2011-2015,0.9271581768989563,Cadillac_ELR_2014,0.07048877328634262,0.9272111058235168,blue,0.5779328346252441,green,0.2730048596858978,7231UTJ,0.8896217942237854,0.8839862091200692,"[0.9323348999023438, 0.9230397939682007, 0.8888171315193176, 0.8865044116973877, 0.872147262096405, 0.8692395091056824, 0.8158204555511475]",detections/20250425-005101_vehicle.jpg,detections/20250425-005101_plate.jpg
2025-04-25 00:51:06,"(1,3)-(1914,1052)",car,Chevy_Volt_2011-2015,0.5458966493606567,KIA_K5_2011-2015,0.4368177056312561,0.9095613956451416,blue,0.6965897083282471,green,0.241660937666893,7231UTJ,0.8990198969841003,0.8829831480979919,"[0.9326438307762146, 0.8959432244300842, 0.8920754194259644, 0.8877047300338745, 0.8795666098594666, 0.8776161670684814, 0.8153320550918579]",detections/20250425-005105_vehicle.jpg,detections/20250425-005105_plate.jpg
2025-04-25 00:51:57,"(541,2)-(1916,1054)",car,Honda_Crider_2013-2015,0.9994730353355408,Mitsubishi_XR-PHEV_2013-2015,0.0005263224593363702,0.8359618782997131,black,0.9586154222488403,blue,0.026642363518476486,,0.6107831597328186,0.0,[],detections/20250425-005155_vehicle.jpg,detections/20250425-005155_plate.jpg
2025-04-25 00:52:02,"(456,5)-(1914,1054)",car,Honda_Crider_2013-2015,0.9992037415504456,Mitsubishi_XR-PHEV_2013-2015,0.000795990985352546,0.8558329343795776,black,0.7037731409072876,green,0.20680321753025055,,0.5552701950073242,0.0,[],detections/20250425-005200_vehicle.jpg,detections/20250425-005200_plate.jpg
2025-04-25 00:52:06,"(443,5)-(1916,1056)",car,Honda_Crider_2013-2015,0.9986573457717896,Honda_CR-Z_2010-2013,0.0007309231441468,0.775001585483551,black,0.6009196639060974,green,0.15764063596725464,N/A,0.0,0.0,[],detections/20250425-005205_vehicle.jpg,N/A
2025-04-25 00:52:10,"(769,234)-(1916,1060)",car,Cadillac_ELR_2014,0.9877865314483643,KIA_K5_2011-2015,0.008460305631160736,0.895176351070404,green,0.6625756621360779,black,0.11682303994894028,7231UTJ,0.8975669741630554,0.8591033220291138,"[0.9004262089729309, 0.8845396637916565, 0.8757997751235962, 0.8754438757896423, 0.8534983992576599, 0.8132882714271545, 0.810727059841156]",detections/20250425-005208_vehicle.jpg,detections/20250425-005208_plate.jpg
2025-04-25 00:52:14,"(164,4)-(1916,1063)",car,Chevy_Volt_2011-2015,0.9938050508499146,Honda_Insight_2010-2013,0.0037771230563521385,0.5439484119415283,black,0.6893879771232605,green,0.23810382187366486,7231UTJ,0.8978086709976196,0.8740984456879752,"[0.9102420806884766, 0.9057393074035645, 0.8924407362937927, 0.8831599354743958, 0.8778786659240723, 0.8251342177391052, 0.8240941762924194]",detections/20250425-005213_vehicle.jpg,detections/20250425-005213_plate.jpg
2025-04-25 00:52:57,"(6,9)-(1914,1059)",car,Honda_CR-Z_2010-2013,0.5359305143356323,Cadillac_ELR_2014,0.13434763252735138,0.7322899103164673,green,0.7251964211463928,black,0.22632776200771332,,0.8024125099182129,0.0,[],detections/20250425-005255_vehicle.jpg,detections/20250425-005255_plate.jpg
2025-04-25 00:53:00,"(661,243)-(1918,1062)",car,Honda_Odyssey_2009-2015,0.9960479140281677,Honda_Crider_2013-2015,0.003603289369493723,0.7085642218589783,black,0.9534615278244019,green,0.039811309427022934,,0.8078402280807495,0.0,[],detections/20250425-005259_vehicle.jpg,detections/20250425-005259_plate.jpg
2025-04-25 00:53:04,"(31,20)-(1915,1053)",car,Honda_CR-Z_2010-2013,0.7762369513511658,Cadillac_ELR_2014,0.1041671559214592,0.8852874636650085,black,0.9729354977607727,blue,0.012555736117064953,,0.8478109836578369,0.0,[],detections/20250425-005303_vehicle.jpg,detections/20250425-005303_plate.jpg
2025-04-25 00:53:08,"(8,6)-(1916,1060)",car,Toyota_Aygo_2009-2015,0.17018762230873108,Honda_CR-Z_2010-2013,0.13758404552936554,0.845580518245697,green,0.7396316528320312,black,0.19250814616680145,N/A,0.0,0.0,[],detections/20250425-005307_vehicle.jpg,N/A
2025-04-25 01:05:35,"(3,4)-(1917,1052)",car,Cadillac_ELR_2014,0.6495354771614075,Honda_Odyssey_2009-2015,0.25304722785949707,0.9107354283332825,blue,0.7291371822357178,green,0.1092749610543251,7231UTJ,0.9017830491065979,0.8713470186505999,"[0.9314588904380798, 0.9090949296951294, 0.8829898834228516, 0.8827086687088013, 0.8411528468132019, 0.8365938663482666, 0.8154300451278687]",detections/20250425-010531_vehicle.jpg,detections/20250425-010531_plate.jpg
2025-04-25 01:05:40,"(6,3)-(1918,1053)",car,Honda_Odyssey_2009-2015,0.9271031022071838,Cadillac_ELR_2014,0.05047903209924698,0.92857426404953,blue,0.7294129729270935,green,0.14154033362865448,7231UTJ,0.8934925198554993,0.8680184994425092,"[0.9325101971626282, 0.9065880179405212, 0.887353777885437, 0.8868355751037598, 0.8378272652626038, 0.8324276208877563, 0.7925870418548584]",detections/20250425-010538_vehicle.jpg,detections/20250425-010538_plate.jpg
2025-04-25 01:05:45,"(10,3)-(1918,1051)",car,Honda_Odyssey_2009-2015,0.6623504161834717,Chevy_Volt_2011-2015,0.14790180325508118,0.9356552958488464,black,0.649554431438446,green,0.16122661530971527,7231UTJ,0.907355546951294,0.8608128769057137,"[0.9309396743774414, 0.9023000597953796, 0.8885332942008972, 0.8838916420936584, 0.8542384505271912, 0.8379873633384705, 0.727799654006958]",detections/20250425-010543_vehicle.jpg,detections/20250425-010543_plate.jpg
2025-04-25 01:07:15,"(4,16)-(1913,1051)",car,Cadillac_ELR_2014,0.8930334448814392,Nissan_Pathfinder_2005-2013,0.035166118294000626,0.7612720131874084,blue,0.9318813681602478,yellow,0.020382940769195557,,0.7894126772880554,0.0,[],detections/20250425-010713_vehicle.jpg,detections/20250425-010713_plate.jpg
2025-04-25 01:07:18,"(3,2)-(1917,1059)",car,Chevy_Volt_2011-2015,0.7541254758834839,KIA_K5_2011-2015,0.05960638448596001,0.6455790996551514,black,0.5700881481170654,green,0.2207557111978531,7231UTJ,0.8993690013885498,0.8887317776679993,"[0.9143410325050354, 0.9119717478752136, 0.9063036441802979, 0.8928906917572021, 0.8711291551589966, 0.8656443357467651, 0.8588418364524841]",detections/20250425-010717_vehicle.jpg,detections/20250425-010717_plate.jpg
2025-04-25 01:07:22,"(3,7)-(1917,1058)",car,Honda_Crosstour_2011-2014,0.5955021381378174,Honda_Crider_2013-2015,0.16049902141094208,0.6061293482780457,black,0.652374267578125,green,0.1919359564781189,7231UTJ,0.91595458984375,0.8905013799667358,"[0.9552492499351501, 0.9098279476165771, 0.9070465564727783, 0.9041504859924316, 0.8785783648490906, 0.8655914664268494, 0.8130655884742737]",detections/20250425-010721_vehicle.jpg,detections/20250425-010721_plate.jpg
2025-04-25 01:07:27,"(1,3)-(1917,1045)",car,Cadillac_ELR_2014,0.5590636134147644,Honda_Odyssey_2009-2015,0.2927356958389282,0.7995627522468567,green,0.372582346200943,blue,0.2917426526546478,7231UTJ,0.8975488543510437,0.9005050148282733,"[0.9246076345443726, 0.9212757349014282, 0.91596919298172, 0.906401515007019, 0.8943648338317871, 0.8858611583709717, 0.855055034160614]",detections/20250425-010725_vehicle.jpg,detections/20250425-010725_plate.jpg
2025-04-25 01:07:42,"(304,6)-(1916,1054)",car,Honda_Crider_2013-2015,0.9949541687965393,BYD_S7_2013-2015,0.0025182159151881933,0.6346837878227234,black,0.9077633023262024,green,0.06884972006082535,,0.7923153042793274,0.0,[],detections/20250425-010740_vehicle.jpg,detections/20250425-010740_plate.jpg
2025-04-25 01:07:46,"(3,4)-(1917,1051)",car,Honda_Odyssey_2009-2015,0.6938650012016296,Honda_Crosstour_2011-2014,0.251974880695343,0.8958113789558411,black,0.6601244211196899,green,0.18464840948581696,7231UTJ,0.9050975441932678,0.8862095390047345,"[0.9463271498680115, 0.9305397868156433, 0.9171152114868164, 0.8997781872749329, 0.8581751585006714, 0.8336959481239319, 0.8178353309631348]",detections/20250425-010745_vehicle.jpg,detections/20250425-010745_plate.jpg
2025-04-25 01:07:50,"(2,4)-(1917,1051)",car,BYD_e6_2009-2014,0.22586455941200256,Honda_Odyssey_2009-2015,0.2114667147397995,0.9053842425346375,black,0.8208986520767212,blue,0.07967662066221237,7231UTJ,0.900434672832489,0.8854598488126483,"[0.9341127276420593, 0.928715705871582, 0.9098361134529114, 0.8939882516860962, 0.8793878555297852, 0.8381264209747314, 0.8140518665313721]",detections/20250425-010749_vehicle.jpg,detections/20250425-010749_plate.jpg
2025-04-25 01:07:55,"(1,4)-(1917,1052)",car,KIA_K5_2011-2015,0.49883636832237244,Honda_Odyssey_2009-2015,0.34927332401275635,0.9503944516181946,black,0.545330822467804,green,0.2845318913459778,7231UTJ,0.9018040895462036,0.8981889741761344,"[0.957760751247406, 0.9438611268997192, 0.9021610021591187, 0.901726484298706, 0.8906995058059692, 0.8708404898643494, 0.8202734589576721]",detections/20250425-010753_vehicle.jpg,detections/20250425-010753_plate.jpg
2025-04-25 01:08:32,"(462,6)-(1917,1058)",car,Honda_Crider_2013-2015,0.9563964605331421,Honda_Odyssey_2009-2015,0.02545093558728695,0.8772574663162231,black,0.7659611105918884,green,0.10824662446975708,7,0.8470637798309326,0.5642464756965637,[0.5642464756965637],detections/20250425-010829_vehicle.jpg,detections/20250425-010829_plate.jpg
2025-04-25 01:08:39,"(2,4)-(1917,1047)",car,Honda_Odyssey_2009-2015,0.7916653752326965,Honda_Crider_2013-2015,0.2032414674758911,0.8953588604927063,blue,0.7331791520118713,black,0.157505065202713,7231UTJ,0.9023833274841309,0.8865146126065936,"[0.9376626014709473, 0.9231958389282227, 0.9050856232643127, 0.8941859602928162, 0.8878909349441528, 0.8455550670623779, 0.8120262622833252]",detections/20250425-010836_vehicle.jpg,detections/20250425-010836_plate.jpg
2025-04-25 01:08:44,"(1,4)-(1917,1050)",car,Honda_Odyssey_2009-2015,0.9820521473884583,Toyota_Avensis_2009-2015,0.005775510333478451,0.9290748238563538,blue,0.7591349482536316,black,0.15359483659267426,7231UTJ,0.900543212890625,0.8856684395245144,"[0.9391953945159912, 0.9075803160667419, 0.9027618765830994, 0.8947604298591614, 0.861109733581543, 0.8497538566589355, 0.8445174694061279]",detections/20250425-010841_vehicle.jpg,detections/20250425-010841_plate.jpg
2025-04-25 01:08:49,"(2,4)-(1916,1051)",car,Honda_Odyssey_2009-2015,0.5601950883865356,Honda_Crosstour_2011-2014,0.3562997281551361,0.9099941253662109,blue,0.4917094111442566,black,0.4186342656612396,7231UTJ,0.919333279132843,0.8841604164668492,"[0.955636739730835, 0.9323216676712036, 0.8843492269515991, 0.8838558793067932, 0.8774546980857849, 0.8451849818229675, 0.810319721698761]",detections/20250425-010847_vehicle.jpg,detections/20250425-010847_plate.jpg
2025-04-25 01:18:09,"(26,6)-(1916,1053)",car,Cadillac_ELR_2014,0.48799508810043335,Nissan_Pathfinder_2005-2013,0.3988698422908783,0.7664265632629395,blue,0.9745314717292786,beige,0.008048203773796558,,0.6022372841835022,0.0,[],detections/20250425-011807_vehicle.jpg,detections/20250425-011807_plate.jpg
2025-04-25 01:18:14,"(2,4)-(1916,1054)",car,Honda_Odyssey_2009-2015,0.6138551831245422,Benz_GL Class_2011-2014,0.2790357172489166,0.8014095425605774,black,0.9207686185836792,green,0.05523548647761345,7231UTJ,0.900299608707428,0.8556495138577053,"[0.9393454194068909, 0.8837435841560364, 0.8830373883247375, 0.8775686621665955, 0.8550065755844116, 0.7953259348869324, 0.7555190324783325]",detections/20250425-011812_vehicle.jpg,detections/20250425-011812_plate.jpg
2025-04-25 01:18:19,"(2,3)-(1917,1048)",car,BYD_e6_2009-2014,0.8589797616004944,Toyota_Avensis_2009-2015,0.08088764548301697,0.9027467370033264,green,0.5113310813903809,blue,0.1753050982952118,7231UTJ,0.8989763259887695,0.8683566621371678,"[0.9400297999382019, 0.9209519624710083, 0.8882852792739868, 0.8719492554664612, 0.8703287839889526, 0.8022748231887817, 0.784676730632782]",detections/20250425-011817_vehicle.jpg,detections/20250425-011817_plate.jpg
2025-04-25 01:18:25,"(4,3)-(1916,1051)",car,BYD_e6_2009-2014,0.4796489179134369,Ford_Flex_2004-2013,0.2213423103094101,0.9467237591743469,blue,0.5845850110054016,green,0.19377443194389343,7231UTJ,0.8927953839302063,0.8659350105694362,"[0.9327244162559509, 0.9101780652999878, 0.8929539918899536, 0.8858399987220764, 0.8439458012580872, 0.8435606956481934, 0.7523421049118042]",detections/20250425-011822_vehicle.jpg,detections/20250425-011822_plate.jpg
2025-04-25 01:24:11,"(967,212)-(1917,1065)",car,Mitsubishi_XR-PHEV_2013-2015,0.9155015349388123,Nissan_Pathfinder_2005-2013,0.06860160827636719,0.8271191716194153,beige,0.551672101020813,yellow,0.26955321431159973,N/A,0.0,0.0,[],detections/20250425-012410_vehicle.jpg,N/A
2025-04-25 01:24:15,"(23,7)-(1914,1052)",car,Nissan_Pathfinder_2005-2013,0.7138466835021973,Mitsubishi_XR-PHEV_2013-2015,0.07900270074605942,0.7865667939186096,blue,0.8620568513870239,black,0.0809333547949791,,0.8919082880020142,0.0,[],detections/20250425-012414_vehicle.jpg,detections/20250425-012414_plate.jpg
2025-04-25 01:24:19,"(6,4)-(1916,1052)",car,Ford_Flex_2004-2013,0.6603543162345886,Ford_Edge_2010-2015,0.2112412303686142,0.9357686042785645,blue,0.5348085761070251,black,0.22348333895206451,7231UTJ,0.8955773711204529,0.8649655154773167,"[0.9439823031425476, 0.9064239859580994, 0.8803486227989197, 0.8748582601547241, 0.8412675261497498, 0.8163254857063293, 0.7915524244308472]",detections/20250425-012418_vehicle.jpg,detections/20250425-012418_plate.jpg
2025-04-25 01:24:23,"(4,5)-(1917,1052)",car,BYD_e6_2009-2014,0.4981459975242615,Honda_Odyssey_2009-2015,0.358377069234848,0.9399601817131042,blue,0.4417288601398468,green,0.2595161497592926,7231UTJ,0.9055619835853577,0.8787957174437386,"[0.9334930181503296, 0.9193962216377258, 0.9112621545791626, 0.8821246027946472, 0.8519731760025024, 0.8304463624954224, 0.8228744864463806]",detections/20250425-012422_vehicle.jpg,detections/20250425-012422_plate.jpg
2025-04-25 01:24:28,"(189,3)-(1914,1057)",car,Cadillac_ELR_2014,0.8022118210792542,Honda_Odyssey_2009-2015,0.10715223103761673,0.9597834348678589,black,0.7420288920402527,blue,0.13409380614757538,7231UTJ,0.9146130681037903,0.7952923689569745,"[0.8824513554573059, 0.8689908981323242, 0.865609884262085, 0.8498885035514832, 0.8241784572601318, 0.7612922787666321, 0.5146352052688599]",detections/20250425-012426_vehicle.jpg,detections/20250425-012426_plate.jpg
2025-04-25 01:26:17,"(383,8)-(1914,1055)",car,Honda_Crider_2013-2015,0.940747857093811,KIA_K5_2011-2015,0.04604607820510864,0.8120085000991821,black,0.3234459459781647,beige,0.32112082839012146,,0.7377177476882935,0.0,[],detections/20250425-012615_vehicle.jpg,detections/20250425-012615_plate.jpg
2025-04-25 01:26:22,"(1,4)-(1918,1051)",car,BYD_e6_2009-2014,0.918259859085083,Ford_Flex_2004-2013,0.04063958674669266,0.9405779838562012,blue,0.5294433236122131,green,0.3293026089668274,7231UTJ,0.9034206867218018,0.8860987169401986,"[0.9442963004112244, 0.9167465567588806, 0.9098573327064514, 0.9007509350776672, 0.8838474750518799, 0.8334147930145264, 0.8137776255607605]",detections/20250425-012620_vehicle.jpg,detections/20250425-012620_plate.jpg
2025-04-25 01:26:26,"(2,5)-(1918,1048)",car,Honda_Odyssey_2009-2015,0.7636752724647522,Honda_Crosstour_2011-2014,0.13574402034282684,0.9383810758590698,black,0.39792272448539734,green,0.3319379389286041,7231UTJ,0.8962698578834534,0.8798115338597979,"[0.9510684013366699, 0.924415647983551, 0.8939594626426697, 0.8936737179756165, 0.8794633150100708, 0.8458125591278076, 0.7702876329421997]",detections/20250425-012625_vehicle.jpg,detections/20250425-012625_plate.jpg
2025-04-25 01:26:31,"(3,19)-(1917,1054)",car,Honda_Odyssey_2009-2015,0.9209268093109131,Toyota_Avensis_2009-2015,0.07856012135744095,0.923342764377594,blue,0.7650311589241028,green,0.0892142578959465,7231UTJ,0.9056533575057983,0.8808818629809788,"[0.9451329708099365, 0.9057540893554688, 0.8940415978431702, 0.8892918229103088, 0.8596445322036743, 0.8451172113418579, 0.8271908164024353]",detections/20250425-012629_vehicle.jpg,detections/20250425-012629_plate.jpg
2025-04-25 01:26:54,"(2,8)-(1919,1059)",car,Mitsubishi_XR-PHEV_2013-2015,0.9303481578826904,Toyota Fortuner,0.03797592222690582,0.6635392904281616,blue,0.8650494813919067,black,0.06577109545469284,,0.511365532875061,0.0,[],detections/20250425-012652_vehicle.jpg,detections/20250425-012652_plate.jpg
2025-04-25 01:26:59,"(2,3)-(1917,1052)",car,Honda_Odyssey_2009-2015,0.8576596975326538,Toyota_Avensis_2009-2015,0.07826630771160126,0.8531243801116943,green,0.3933211863040924,blue,0.32697781920433044,231UTJ,0.9054962992668152,0.8262338638305664,"[0.944324254989624, 0.9420995712280273, 0.8990866541862488, 0.7857424020767212, 0.7032181024551392, 0.6829321980476379]",detections/20250425-012657_vehicle.jpg,detections/20250425-012657_plate.jpg
2025-04-25 01:27:03,"(3,4)-(1917,1051)",car,Honda_Odyssey_2009-2015,0.9684869647026062,Honda_Crosstour_2011-2014,0.020567651838064194,0.831565797328949,black,0.8099930286407471,blue,0.11778459697961807,7231UTJ,0.9149962663650513,0.7684365255492074,"[0.9584183096885681, 0.9171829223632812, 0.881172239780426, 0.76554936170578, 0.7337596416473389, 0.5694808959960938, 0.5534923076629639]",detections/20250425-012701_vehicle.jpg,detections/20250425-012701_plate.jpg
2025-04-25 01:27:07,"(2,5)-(1918,1053)",car,BYD_e6_2009-2014,0.5263656973838806,Toyota_Avensis_2009-2015,0.3165951669216156,0.914216160774231,black,0.37804388999938965,green,0.34862515330314636,231UTJ,0.9197666049003601,0.8470226526260376,"[0.9555989503860474, 0.9233087301254272, 0.9036718010902405, 0.8208678960800171, 0.7760963439941406, 0.7025921940803528]",detections/20250425-012705_vehicle.jpg,detections/20250425-012705_plate.jpg
2025-04-25 01:27:11,"(8,36)-(1917,1053)",car,Honda_Crosstour_2011-2014,0.604371190071106,Honda_Crider_2013-2015,0.19806167483329773,0.8800855875015259,black,0.46692144870758057,blue,0.2220306247472763,231J,0.8962274193763733,0.8426544517278671,"[0.9144405126571655, 0.9046851396560669, 0.8209939002990723, 0.7304982542991638]",detections/20250425-012709_vehicle.jpg,detections/20250425-012709_plate.jpg
2025-04-25 01:27:29,"(77,5)-(1917,1054)",car,Nissan_Pathfinder_2005-2013,0.5134521126747131,Mitsubishi_XR-PHEV_2013-2015,0.22103369235992432,0.5849975943565369,blue,0.7065940499305725,black,0.2170524150133133,,0.8323500156402588,0.0,[],detections/20250425-012727_vehicle.jpg,detections/20250425-012727_plate.jpg
2025-04-25 01:27:33,"(4,4)-(1917,1051)",car,Honda_Odyssey_2009-2015,0.7004080414772034,Toyota_Avensis_2009-2015,0.2669416666030884,0.8715620040893555,blue,0.3626328706741333,black,0.27933070063591003,231UTJ,0.9020683765411377,0.7906531095504761,"[0.9338071346282959, 0.9164499044418335, 0.892404317855835, 0.7446885108947754, 0.6836668252944946, 0.5729019641876221]",detections/20250425-012732_vehicle.jpg,detections/20250425-012732_plate.jpg
2025-04-25 01:27:37,"(13,4)-(1917,1055)",car,Honda_Odyssey_2009-2015,0.9806844592094421,Toyota_Avensis_2009-2015,0.013460147194564342,0.8833820819854736,blue,0.3813929259777069,black,0.27718034386634827,231UTJ,0.8923513889312744,0.8171393771966299,"[0.9552605152130127, 0.9236772060394287, 0.8853432536125183, 0.7403813600540161, 0.721925675868988, 0.6762482523918152]",detections/20250425-012735_vehicle.jpg,detections/20250425-012735_plate.jpg
2025-04-25 01:27:39,"(0,5)-(459,1058)",car,Mitsubishi_XR-PHEV_2013-2015,0.7992909550666809,Honda_Crider_2013-2015,0.09700913727283478,0.5651024580001831,blue,0.4221254289150238,black,0.3457941710948944,N/A,0.0,0.0,[],detections/20250425-012739_vehicle.jpg,N/A
2025-04-25 01:27:43,"(3,4)-(1917,1055)",car,Honda_Odyssey_2009-2015,0.9946954846382141,Toyota_Avensis_2009-2015,0.0031766826286911964,0.9240660667419434,blue,0.5694705247879028,black,0.22349846363067627,231UTJ,0.8955824971199036,0.8116179605325063,"[0.9567123651504517, 0.9094821810722351, 0.8976442217826843, 0.7238293886184692, 0.7188751697540283, 0.6631644368171692]",detections/20250425-012742_vehicle.jpg,detections/20250425-012742_plate.jpg
2025-04-25 01:27:49,"(13,4)-(1917,1053)",car,Honda_Odyssey_2009-2015,0.8214707374572754,Honda_Crosstour_2011-2014,0.06091959401965141,0.9216373562812805,blue,0.6198585629463196,black,0.1569252461194992,7231UTJ,0.9022827744483948,0.804698475769588,"[0.9479957818984985, 0.9120007753372192, 0.9071539640426636, 0.8149747252464294, 0.717552900314331, 0.6979213953018188, 0.6352897882461548]",detections/20250425-012746_vehicle.jpg,detections/20250425-012746_plate.jpg
2025-04-25 01:27:52,"(0,5)-(510,1058)",car,Mitsubishi_XR-PHEV_2013-2015,0.8563687205314636,Honda_Crider_2013-2015,0.09152116626501083,0.6253317594528198,blue,0.49023866653442383,black,0.21111412346363068,N/A,0.0,0.0,[],detections/20250425-012751_vehicle.jpg,N/A
2025-04-25 01:27:57,"(222,2)-(1915,1059)",car,Cadillac_ELR_2014,0.9448392391204834,KIA_K5_2011-2015,0.03122619166970253,0.9026772975921631,blue,0.9142917990684509,black,0.04457962512969971,7231UTJ,0.9128061532974243,0.8315901160240173,"[0.9495646357536316, 0.9364686608314514, 0.8888723254203796, 0.8334488272666931, 0.8128568530082703, 0.8023484349250793, 0.597571074962616]",detections/20250425-012754_vehicle.jpg,detections/20250425-012754_plate.jpg
2025-04-25 01:59:36,"(221,104)-(1916,1058)",car,Nissan_Teana_2008-2014,0.657014787197113,Chevy_Volt_2011-2015,0.23609521985054016,0.8751431703567505,beige,0.5180274248123169,yellow,0.2987491488456726,7231UJ,0.8984258770942688,0.794360081354777,"[0.9051072001457214, 0.8853769898414612, 0.7701715230941772, 0.7552789449691772, 0.7548664808273315, 0.6953593492507935]",detections/20250425-015934_vehicle.jpg,detections/20250425-015934_plate.jpg
2025-04-25 01:59:40,"(193,3)-(1915,1058)",car,Chevy_Volt_2011-2015,0.45697131752967834,KIA_K5_2011-2015,0.1734263151884079,0.7468073964118958,black,0.5292274951934814,green,0.22710001468658447,,0.8900538682937622,0.0,[],detections/20250425-015939_vehicle.jpg,detections/20250425-015939_plate.jpg
2025-04-25 01:59:45,"(0,3)-(1916,1048)",car,Honda_Crider_2013-2015,0.9988527297973633,Mitsubishi_XR-PHEV_2013-2015,0.001056155888363719,0.883846640586853,black,0.7932886481285095,blue,0.09992868453264236,231UTJ,0.907221257686615,0.8160613179206848,"[0.8907889723777771, 0.8662624955177307, 0.8239354491233826, 0.7924234867095947, 0.7696282267570496, 0.7533292770385742]",detections/20250425-015943_vehicle.jpg,detections/20250425-015943_plate.jpg
2025-04-25 01:59:49,"(421,289)-(1917,1054)",car,Toyota_Avensis_2009-2015,0.5026364922523499,Nissan_Teana_2008-2014,0.3353942334651947,0.8943793177604675,black,0.7090287208557129,grey,0.09886682778596878,7231UTJ,0.9150909781455994,0.8138606888907296,"[0.9310934543609619, 0.888363778591156, 0.8727831840515137, 0.8494558930397034, 0.8143046498298645, 0.798935055732727, 0.5420888066291809]",detections/20250425-015947_vehicle.jpg,detections/20250425-015947_plate.jpg
2025-04-25 01:59:53,"(28,4)-(1917,1048)",car,Toyota_Avensis_2009-2015,0.8792175054550171,Honda_Odyssey_2009-2015,0.060084667056798935,0.8787330389022827,green,0.3365122377872467,beige,0.31389886140823364,7231UTJ,0.9026666879653931,0.8029853616441999,"[0.9132455587387085, 0.8878363370895386, 0.8728921413421631, 0.8606970310211182, 0.8129966259002686, 0.7204450964927673, 0.5527847409248352]",detections/20250425-015951_vehicle.jpg,detections/20250425-015951_plate.jpg
2025-04-25 01:59:57,"(35,25)-(1914,1055)",car,Cadillac_ELR_2014,0.6475872993469238,Hyundai_Genesis_2015,0.1261298656463623,0.9098989963531494,black,0.7400736212730408,blue,0.08836738020181656,7231UTJ,0.9021985530853271,0.8581040671893528,"[0.9538511633872986, 0.9265874028205872, 0.87791907787323, 0.8556818962097168, 0.8407950401306152, 0.8401654362678528, 0.7117284536361694]",detections/20250425-015956_vehicle.jpg,detections/20250425-015956_plate.jpg
2025-04-25 02:00:03,"(1,3)-(1918,1056)",car,Honda_Odyssey_2009-2015,0.9814459681510925,Toyota_Avensis_2009-2015,0.00959772802889347,0.7728433609008789,black,0.3980545103549957,green,0.28642383217811584,231UTJ,0.9041022658348083,0.8194670975208282,"[0.9566400051116943, 0.8985363841056824, 0.867827832698822, 0.8419952988624573, 0.7828963398933411, 0.5689067244529724]",detections/20250425-020001_vehicle.jpg,detections/20250425-020001_plate.jpg
2025-04-25 02:00:07,"(1,4)-(1918,1049)",car,BYD_e6_2009-2014,0.5222543478012085,Honda_Odyssey_2009-2015,0.22324731945991516,0.906096875667572,green,0.5816689729690552,blue,0.17997293174266815,231UTJ,0.8914833664894104,0.8189705510934194,"[0.963546633720398, 0.898976743221283, 0.8973132371902466, 0.7994323372840881, 0.7422407865524292, 0.6123135685920715]",detections/20250425-020006_vehicle.jpg,detections/20250425-020006_plate.jpg
2025-04-25 02:00:11,"(2,6)-(1918,1049)",car,Toyota_Avensis_2009-2015,0.5410432815551758,Cadillac_ELR_2014,0.17561930418014526,0.822750449180603,blue,0.47839289903640747,green,0.2391582429409027,72391TJ,0.8986456394195557,0.7934127535138812,"[0.9400140047073364, 0.8855238556861877, 0.8824377655982971, 0.8540306091308594, 0.7667006254196167, 0.6759721636772156, 0.549210250377655]",detections/20250425-020010_vehicle.jpg,detections/20250425-020010_plate.jpg
2025-04-25 02:00:16,"(113,140)-(1915,1054)",car,Nissan_Altima_2005-2015,0.22228603065013885,Toyota_Avensis_2009-2015,0.18445050716400146,0.8599544763565063,blue,0.7118037343025208,green,0.12674617767333984,U,0.8992992639541626,0.6152240633964539,[0.6152240633964539],detections/20250425-020014_vehicle.jpg,detections/20250425-020014_plate.jpg
2025-04-25 02:00:20,"(2,3)-(1916,1047)",car,Toyota Fortuner,0.9947709441184998,Mitsubishi_XR-PHEV_2013-2015,0.004069179762154818,0.6408653259277344,blue,0.40164247155189514,black,0.2978692650794983,,0.8860291838645935,0.0,[],detections/20250425-020019_vehicle.jpg,detections/20250425-020019_plate.jpg
2025-04-25 02:00:25,"(0,6)-(1917,1056)",car,Hyundai_Sonata_2008-2009,0.47111597657203674,Toyota_Avensis_2009-2015,0.34962236881256104,0.9375110864639282,blue,0.49407076835632324,green,0.3139268159866333,7231UTJ,0.8871920704841614,0.8573485612869263,"[0.9251383543014526, 0.9073978066444397, 0.8916435837745667, 0.8485093116760254, 0.8345187902450562, 0.8117610216140747, 0.7824710607528687]",detections/20250425-020023_vehicle.jpg,detections/20250425-020023_plate.jpg
2025-04-25 02:00:30,"(1,6)-(1917,1049)",car,Hyundai_Sonata_2008-2009,0.724830150604248,Toyota_Avensis_2009-2015,0.2000516653060913,0.8502398729324341,blue,0.7823479771614075,green,0.09292993694543839,7231UTJ,0.8925683498382568,0.8390867454665047,"[0.923792839050293, 0.910617470741272, 0.8907461166381836, 0.8140085339546204, 0.8018702268600464, 0.7852209210395813, 0.7473511099815369]",detections/20250425-020028_vehicle.jpg,detections/20250425-020028_plate.jpg
2025-04-25 02:00:41,"(22,309)-(1913,1056)",car,Toyota Fortuner,0.5824495553970337,Toyota_Aygo_2009-2015,0.20355521142482758,0.5072082281112671,black,0.47256264090538025,blue,0.21397563815116882,N/A,0.0,0.0,[],detections/20250425-020040_vehicle.jpg,N/A
2025-04-25 02:00:46,"(199,1)-(1914,1054)",car,Honda_Odyssey_2009-2015,0.9291155338287354,Cadillac_ELR_2014,0.04812491685152054,0.8378782868385315,green,0.4069177508354187,blue,0.3347921073436737,723TJ,0.9047479629516602,0.7334579944610595,"[0.9003923535346985, 0.8052712678909302, 0.7808095812797546, 0.596211314201355, 0.5846054553985596]",detections/20250425-020043_vehicle.jpg,detections/20250425-020043_plate.jpg
2025-04-25 02:00:50,"(3,6)-(1918,1049)",car,Honda_Odyssey_2009-2015,0.9900431632995605,Honda_Crider_2013-2015,0.005355177912861109,0.7768322825431824,green,0.46258965134620667,black,0.34293296933174133,7231UTJ,0.8983166217803955,0.8146922758647374,"[0.9381566047668457, 0.9262107014656067, 0.8789640665054321, 0.8551278710365295, 0.7823671698570251, 0.7242980003356934, 0.597721517086029]",detections/20250425-020048_vehicle.jpg,detections/20250425-020048_plate.jpg
2025-04-25 02:00:55,"(1,95)-(1917,1058)",car,BYD_e6_2009-2014,0.9998088479042053,Ford_Flex_2004-2013,0.00016108764975797385,0.9413698315620422,blue,0.6166956424713135,green,0.163625106215477,7231UTJ,0.8962686657905579,0.8834804977689471,"[0.9379905462265015, 0.9073100090026855, 0.9023023843765259, 0.8815422654151917, 0.8553967475891113, 0.8530088067054749, 0.8468127250671387]",detections/20250425-020053_vehicle.jpg,detections/20250425-020053_plate.jpg
2025-04-25 02:01:00,"(166,4)-(1913,1055)",car,Honda_Odyssey_2009-2015,0.5959889888763428,Toyota_Avensis_2009-2015,0.21953298151493073,0.9594687223434448,blue,0.5000825524330139,green,0.265493780374527,7231UTJ,0.8998264670372009,0.8754558903830392,"[0.9248033165931702, 0.9242871999740601, 0.9020864367485046, 0.8939884901046753, 0.8603461384773254, 0.8390390276908875, 0.7836406230926514]",detections/20250425-020058_vehicle.jpg,detections/20250425-020058_plate.jpg
2025-04-25 02:01:03,"(1,4)-(619,646)",car,Chevy_Volt_2011-2015,0.5030826330184937,Honda_City_2009-2014,0.09231869876384735,0.5657405853271484,blue,0.5371889472007751,white,0.14513252675533295,N/A,0.0,0.0,[],detections/20250425-020103_vehicle.jpg,N/A
2025-04-25 02:01:08,"(169,34)-(1915,1057)",car,Cadillac_ELR_2014,0.9771774411201477,KIA_K5_2011-2015,0.009290783666074276,0.9630572199821472,green,0.3671568036079407,blue,0.3584808111190796,7231UTJ,0.9049926996231079,0.8718110493251255,"[0.930488109588623, 0.9197663068771362, 0.90328449010849, 0.8934089541435242, 0.8244618773460388, 0.8167720437049866, 0.8144955635070801]",detections/20250425-020106_vehicle.jpg,detections/20250425-020106_plate.jpg
2025-04-25 02:01:12,"(269,3)-(1916,1051)",car,Cadillac_ELR_2014,0.6397002935409546,KIA_K5_2011-2015,0.18193019926548004,0.9386084079742432,black,0.5762543678283691,green,0.31567052006721497,7231UTJ,0.8955190181732178,0.8363169261387416,"[0.9403209686279297, 0.9025764465332031, 0.8840411305427551, 0.8809090852737427, 0.7645518779754639, 0.7469772100448608, 0.7348417639732361]",detections/20250425-020110_vehicle.jpg,detections/20250425-020110_plate.jpg
2025-04-25 02:04:24,"(210,3)-(1916,1056)",car,Cadillac_ELR_2014,0.9951257109642029,KIA_K5_2011-2015,0.0039384434930980206,0.9354960322380066,blue,0.8469493985176086,black,0.12384583801031113,,0.8506113886833191,0.0,[],detections/20250425-020422_vehicle.jpg,detections/20250425-020422_plate.jpg
2025-04-25 02:04:28,"(1,4)-(1919,1051)",car,KIA_K5_2011-2015,0.9985350370407104,Cadillac_ELR_2014,0.0006453592795878649,0.9434438347816467,blue,0.6408602595329285,green,0.16919153928756714,7231UTJ,0.8993688821792603,0.8921160357339042,"[0.9360788464546204, 0.9355021715164185, 0.9073112607002258, 0.8840154409408569, 0.8737837672233582, 0.8676347732543945, 0.8404859900474548]",detections/20250425-020426_vehicle.jpg,detections/20250425-020426_plate.jpg
2025-04-25 02:04:32,"(20,4)-(1914,1047)",car,Honda_Crosstour_2011-2014,0.9678836464881897,KIA_K5_2011-2015,0.018816150724887848,0.6895347237586975,blue,0.8471958637237549,green,0.10407815128564835,7131N,0.8896095752716064,0.6748150944709778,"[0.8669301867485046, 0.835345983505249, 0.6070430874824524, 0.5641952753067017, 0.5005609393119812]",detections/20250425-020431_vehicle.jpg,detections/20250425-020431_plate.jpg
2025-04-25 02:04:37,"(2,3)-(1916,1054)",car,Chevy_Volt_2011-2015,0.9992006421089172,KIA_K5_2011-2015,0.0007682972936891019,0.9518067836761475,blue,0.5795930624008179,black,0.3611036241054535,7231UTJ,0.8780721426010132,0.8811583774430412,"[0.9281418323516846, 0.9234148263931274, 0.9123989939689636, 0.9049512147903442, 0.8459603786468506, 0.8399417400360107, 0.8132996559143066]",detections/20250425-020435_vehicle.jpg,detections/20250425-020435_plate.jpg
2025-04-25 02:07:14,"(548,12)-(1916,1052)",car,Mitsubishi_XR-PHEV_2013-2015,0.9987213015556335,Honda_Crider_2013-2015,0.0007262848666869104,0.7207200527191162,blue,0.8544397354125977,black,0.09775453060865402,N/A,0.0,0.0,[],detections/20250425-020713_vehicle.jpg,N/A
2025-04-25 02:07:18,"(174,3)-(1914,1053)",car,Cadillac_ELR_2014,0.8152205348014832,KIA_K5_2011-2015,0.1746983826160431,0.9584682583808899,blue,0.9042062759399414,black,0.04122207313776016,7231UTJ,0.8913471698760986,0.8726711784090314,"[0.9378849267959595, 0.9075212478637695, 0.902076244354248, 0.8942129611968994, 0.8437488675117493, 0.823924720287323, 0.7993292808532715]",detections/20250425-020717_vehicle.jpg,detections/20250425-020717_plate.jpg
2025-04-25 02:07:22,"(15,4)-(1919,1053)",car,KIA_K5_2011-2015,0.9433735609054565,Chevy_Volt_2011-2015,0.056146666407585144,0.9460293650627136,black,0.5556509494781494,blue,0.38873299956321716,7231UTJ,0.8777934908866882,0.8938007269586835,"[0.9528570771217346, 0.9343301653862, 0.8980506658554077, 0.8892536759376526, 0.8825183510780334, 0.8575283288955688, 0.8420668244361877]",detections/20250425-020721_vehicle.jpg,detections/20250425-020721_plate.jpg
2025-04-25 02:07:26,"(2,3)-(1916,1056)",car,KIA_K5_2011-2015,0.7442480325698853,Chevy_Volt_2011-2015,0.16528114676475525,0.9426724314689636,blue,0.6687684655189514,green,0.1726621836423874,7231UTJ,0.8695538640022278,0.8840707625661578,"[0.9223677515983582, 0.920116662979126, 0.9064443111419678, 0.8961301445960999, 0.8626343011856079, 0.8595695495605469, 0.8212326169013977]",detections/20250425-020725_vehicle.jpg,detections/20250425-020725_plate.jpg
2025-04-25 02:09:34,"(3,4)-(1917,1053)",car,Cadillac_ELR_2014,0.8875144124031067,Chevy_Volt_2011-2015,0.07871002703905106,0.8638904094696045,blue,0.5704528093338013,green,0.16798017919063568,,0.8557969331741333,0.0,[],detections/20250425-020933_vehicle.jpg,detections/20250425-020933_plate.jpg
2025-04-25 02:09:38,"(2,2)-(1918,1048)",car,Hyundai_Genesis_2015,0.32776379585266113,Nissan_Pathfinder_2005-2013,0.2633332312107086,0.7966935038566589,blue,0.8450542092323303,green,0.1014828309416771,7231UTJ,0.8948633074760437,0.8753497345106942,"[0.9337447881698608, 0.9149583578109741, 0.901322066783905, 0.8886937499046326, 0.8521609902381897, 0.8229629397392273, 0.8136052489280701]",detections/20250425-020937_vehicle.jpg,detections/20250425-020937_plate.jpg
2025-04-25 02:09:42,"(3,4)-(1919,1050)",car,Honda_Crider_2013-2015,0.9900451302528381,KIA_K5_2011-2015,0.006331986747682095,0.8602470755577087,green,0.5525627136230469,blue,0.4107358157634735,7231UTJ,0.90631502866745,0.8846497791154044,"[0.9294830560684204, 0.9173930287361145, 0.906360924243927, 0.9033085107803345, 0.8650004863739014, 0.8504981398582458, 0.8205043077468872]",detections/20250425-020941_vehicle.jpg,detections/20250425-020941_plate.jpg
2025-04-25 02:09:46,"(2,3)-(1918,1050)",car,Cadillac_ELR_2014,0.6666067242622375,Honda_Odyssey_2009-2015,0.20831361413002014,0.9077827334403992,blue,0.797534167766571,green,0.09758101403713226,7231UTJ,0.8975929021835327,0.889102212020329,"[0.9298667907714844, 0.9242933988571167, 0.9130237102508545, 0.9004032015800476, 0.8719716668128967, 0.854755163192749, 0.8294015526771545]",detections/20250425-020944_vehicle.jpg,detections/20250425-020944_plate.jpg
